{"_runtime":188.3580262,"epoch":10,"best_accuracy":95.76,"test_accuracy":95.37,"train_loss":0.3049777260760466,"test_loss":0.2206193319557271,"_wandb":{"runtime":188},"_step":9,"_timestamp":1.7328820836729548e+09}