{"test_accuracy":95.66,"_step":9,"test_loss":0.2129576910736629,"best_accuracy":95.66,"train_loss":0.38352906683297044,"epoch":10,"_timestamp":1.7328815622922502e+09,"_wandb":{"runtime":154},"_runtime":152.6338489}