{"test_loss":0.09937335427003414,"train_loss":0.15592017617604848,"best_accuracy":97.39,"test_accuracy":97.33,"_step":9,"epoch":10,"_wandb":{"runtime":147},"_timestamp":1.732881112281905e+09,"_runtime":147.4494238}