{"_runtime":141.3273011,"_timestamp":1.732880139871839e+09,"best_accuracy":97.58,"_wandb":{"runtime":141},"test_loss":0.09186003420463633,"test_accuracy":97.46,"_step":9,"epoch":10,"train_loss":0.12572822941026326}