{"_step":9,"epoch":10,"test_loss":0.17718083069187598,"_runtime":157.4669077,"_timestamp":1.732883174071701e+09,"train_loss":0.3299280581439535,"test_accuracy":95.72,"best_accuracy":95.72,"_wandb":{"runtime":159}}